인허가일자,영업상태명,폐업일자,지번주소,사업장명,업태구분명,좌표정보(X),좌표정보(Y)
19871030,폐업,20221004,서울특별시 강서구 화곡동 370번지 76호,화곡중앙시장,시장,185745.7326,448140.2927
19991228,폐업,20220927,서울특별시 강서구 가양동 449번지 19  호,(주)이마트 가양점,대형마트,187761.1943,450640.2145
20010302,폐업,20220926,서울특별시 강서구 가양동 449-19 가양이마트 매장동,(주)이마트 가양점,기타식품판매업,187761.1943,450640.2145
20170504,폐업,20221228,서울특별시 강서구 등촌동 73-1 금부빌딩,장터마트,기타식품판매업,186966.0362,451047.2873
20171031,폐업,20220224,서울특별시 강서구 내발산동 668 ,(주)강서식자재마트,기타식품판매업,185487.6418,450280.8586
20180529,폐업,20220203,서울특별시 강서구 방화동 614-52 ,공항할인마트,기타식품판매업,183243.4686,451415.8358
20050826,영업/정상,0,서울특별시 강서구 등촌동 639번지 11호,홈플러스(주) 강서점,대형마트,187119.9482,450691.5932
20050907,영업/정상,0,서울특별시 강서구 방화동 567번지 4호,삼정프라자,그 밖의 대규모점포,183315.5567,452204.1655
20060519,영업/정상,0,서울특별시 강서구 염창동 264번지 18호,스페이스프라자,그 밖의 대규모점포,188692.0332,449699.8326
20081031,영업/정상,0,서울특별시 강서구 가양동 18번지 24호,홈플러스(주) 가양점,대형마트,186687.1318,451342.7735
20090305,영업/정상,0,서울특별시 강서구 내발산동 719번지 6호,송화시장,그 밖의 대규모점포,185431.0666,449714.8138
20110118,영업/정상,0,서울특별시 강서구 방화2동 886번지 외6필지,롯데몰 김포공항,쇼핑센터,182524.8238,451438.2509
20110701,영업/정상,0,서울특별시 강서구 화곡3동 1065번지 8호,홈플러스(주) 익스프레스 화곡점,그 밖의 대규모점포,185681.1227,448813.4416
20110714,영업/정상,0,서울특별시 강서구 화곡4동 830번지 1호,씨에스유통 (롯데슈퍼화곡2점),그 밖의 대규모점포,187464.4032,447877.7107
20110919,영업/정상,0,서울특별시 강서구 등촌3동 689번지 외 2,(주) 이랜드리테일 강서점,백화점,185824.4285,450866.2521
20111004,영업/정상,0,서울특별시 강서구 방화2동 533번지 9호,롯데쇼핑(주)롯데슈퍼개화산점,그 밖의 대규모점포,182944.7314,452207.4273
20111005,영업/정상,0,서울특별시 강서구 화곡3동 1051번지 27호,롯데쇼핑(주)롯데슈퍼화곡3동점,그 밖의 대규모점포,185731.0512,448913.7609
20111005,영업/정상,0,서울특별시 강서구 화곡1동 343번지 52호,롯데쇼핑(주)롯데슈퍼화곡점,그 밖의 대규모점포,186366.0134,447719.8367
20120312,영업/정상,0,,(주)이마트에브리데이 화곡동점,그 밖의 대규모점포,186456.1877,449645.4519
20120329,영업/정상,0,서울특별시 강서구 내발산동 719번지 6호,롯데쇼핑(주)롯데슈퍼 우장산점,그 밖의 대규모점포,185431.0666,449714.8138
20120329,영업/정상,0,서울특별시 강서구 방화1동 187번지 1호,롯데쇼핑(주)롯데슈퍼 방화점,그 밖의 대규모점포,184102.7825,452097.3701
20120410,영업/정상,0,서울특별시 강서구 화곡동 970번지 2호,홈플러스익스프레스 화곡2점,그 밖의 대규모점포,186614.4313,449481.2536
20130617,영업/정상,0,서울특별시 강서구 화곡1동 1071번지 19호,강서 뉴타워,그 밖의 대규모점포,185384.3227,448552.1247
20150323,영업/정상,0,서울특별시 강서구 염창동 249번지 8호 1층,(주)지에스리테일 염창점,그 밖의 대규모점포,188680.483,449829.6943
20170330,영업/정상,0,서울특별시 강서구 가양동 54번지 5호,노브랜드 강서가양점,구분없음,186374.4637,451431.2511
20170617,영업/정상,0,서울특별시 강서구 마곡동 759번지 마곡센트럴타워Ⅱ,이마트에브리데이 마곡점,구분없음,184498,451786
20170814,영업/정상,0,서울특별시 강서구 마곡동 776번지 2호 마곡센트럴대방디엠시티오피스텔,롯데쇼핑㈜ 마켓999 양천향교역가맹점,구분없음,185798,451778
20171011,영업/정상,0,서울특별시 강서구 가양동 1458번지 9호 동남빌딩,㈜이마트에브리데이 양천향교역점,구분없음,186080.902,451971.1787
20180730,영업/정상,0,서울특별시 강서구 마곡동 768번지 2호 동익드미라벨복합빌딩,노브랜드 강서마곡점,구분없음,184386,451226
19960628,영업/정상,0,서울특별시 강서구 가양동 1474-0 대림경동아파트 (지하 1층) 상가동 101호,(주)이마트에브리데이 가양동점,기타식품판매업,187034.3173,451572.877
19981217,영업/정상,0,서울특별시 강서구 방화동 829-3 강서농협하나로마트 (지하 1층),강서농협 하나로마트,기타식품판매업,183335.7661,452719.6918
20001014,영업/정상,0,서울특별시 강서구 가양동 18-24 홈플러스 가양점 (지하 2층),홈플러스(주)가양점,기타식품판매업,186687.1318,451342.7735
20030304,영업/정상,0,서울특별시 강서구 화곡동 341-67 ,현대유통,기타식품판매업,186407.0655,447759.7531
20030721,영업/정상,0,서울특별시 강서구 화곡동 830-1,롯데슈퍼 화곡2점,기타식품판매업,187464.4032,447877.7107
20031104,영업/정상,0,서울특별시 강서구 방화동 849 ,보해마트,기타식품판매업,182876.3679,452247.3938
20050228,영업/정상,0,서울특별시 강서구 방화동 533-9,롯데쇼핑(주) 롯데슈퍼 개화산점,기타식품판매업,182944.7314,452207.4273
20050830,영업/정상,0,서울특별시 강서구 방화동 180-7 정곡빌딩 (지상 1층) ,프라임마트 마곡,기타식품판매업,183846.1027,452293.4555
20050830,영업/정상,0,서울특별시 강서구 등촌동 639-11,홈플러스 주식회사,기타식품판매업,187119.9482,450691.5932
20060103,영업/정상,0,서울특별시 강서구 방화동 829-2 강서농협하나로마트 서관 (지하 1층),강서농협 하나로마트(서관),기타식품판매업,183307.1979,452726.0156
20061218,영업/정상,0,서울특별시 강서구 화곡동 373-15 (지상1층) ,우리홈마트,기타식품판매업,185538.9004,448023.6927
20080710,영업/정상,0,서울특별시 강서구 방화동 187-1 외2필지 (1층),롯데쇼핑(주) 롯데슈퍼방화점,기타식품판매업,184102.7825,452097.3701
20080924,영업/정상,0,"서울특별시 강서구 방화동 580-120 ,125,129 (1층) ",프라임마트,기타식품판매업,183383.8762,451847.6457
20081029,영업/정상,0,서울특별시 강서구 외발산동 424-0 강서농수산물도매시장 (지상 2층) 수협공판장동,수협바다마트 강서점,기타식품판매업,183914.9383,450085.0146
20081119,영업/정상,0,서울특별시 강서구 화곡동 140-19 ,진로마트,기타식품판매업,185946.2786,448848.9497
20090202,영업/정상,0,서울특별시 강서구 내발산동 719-6 송화쇼핑센타 지하1층,롯데쇼핑(주) 롯데슈퍼 우장산점,기타식품판매업,185431.0666,449714.8138
20090227,영업/정상,0,서울특별시 강서구 화곡동 1159-1 e편한상가 B01 ,(주)우리할인마트,기타식품판매업,185509.7552,449581.9285
20110920,영업/정상,0,서울특별시 강서구 등촌동 689 NC백화점 강서점 지하1층,(주)이랜드 킴스클럽 강서점,기타식품판매업,185824.4285,450866.2521
20111122,영업/정상,0,서울특별시 강서구 방화동 886 지층,롯데쇼핑)롯데마트김포공항,기타식품판매업,182524.8238,451438.2509
20140116,영업/정상,0,서울특별시 강서구 화곡동 844-15 (지하 1 ~ 지상 1층) ,맘마마트 화곡점,기타식품판매업,187343.3394,447489.5935
20151103,영업/정상,0,"서울특별시 강서구 화곡동 1165-1 강서힐스테이트 (지하 1층) 101-1, 117-1호 상가동 ",베스트식자재마트,기타식품판매업,185509.1655,449450.0697
20160105,영업/정상,0,서울특별시 강서구 외발산동 427 ,(주)수인식자재,기타식품판매업,184148.5715,450166.3605
20160125,영업/정상,0,서울특별시 강서구 염창동 75-8 ,리첸마트,기타식품판매업,188564.4281,450381.6733
20160705,영업/정상,0,서울특별시 강서구 등촌동 678-7 동광빌딩 지하1층 ,주식회사 명품김포,기타식품판매업,185764.8555,451066.3341
20170620,영업/정상,0,서울특별시 강서구 마곡동 759 마곡센트럴타워2 ,(주)이마트에브리데이 마곡점,기타식품판매업,184498,451786
20170926,영업/정상,0,서울특별시 강서구 화곡동 1071-19 ,럭키중앙마트,기타식품판매업,185384.3227,448552.1247
20180724,영업/정상,0,서울특별시 강서구 마곡동 768-2 동익드미라벨복합빌딩 ,노브랜드 강서마곡점,기타식품판매업,184386,451226