인허가일자,영업상태명,폐업일자,사업장명,지번주소,업태구분명,좌표정보(X),좌표정보(Y),영업장주변구분명
19931101,영업/정상,20250101,LG25시,서울특별시 강서구 공항동 60-31 ,편의점,183211.711253144,450672.553951794,주택가주변
19940202,영업/정상,20250101,바이더웨이공항점,서울특별시 강서구 방화동 559-5 ,편의점,183147.775733197,452259.11212305,주택가주변
19950726,영업/정상,20250101,훼미리마트,서울특별시 강서구 등촌동 655-27번지 ,편의점,187146.12525579,450413.646178523,기타
20000426,영업/정상,20250101,오렌지,서울특별시 강서구 화곡동 923-3번지 ,편의점,185906.805955035,447437.768925792,
20090311,영업/정상,20250101,GS25 가양우성점,서울특별시 강서구 가양동 1480-5번지 이스타빌1차 104호의 일부(지상1층) ,편의점,186943.885592447,451159.513463994,
20120227,영업/정상,20250101,미니스톱(화곡다솔점)내,서울특별시 강서구 화곡동 1086-26번지 ,편의점,185485.311917674,448495.163842327,
20130704,영업/정상,20250101,씨유 개화산역점,서울특별시 강서구 방화동 498-4번지 1층 ,편의점,182794.441839414,452295.430545244,
20140403,영업/정상,20250101,CU화곡아이파크점,서울특별시 강서구 화곡동 1098-17 ,편의점,186694.655068843,450220.872355014,
20140819,영업/정상,20250101,CU화곡곰달래점,서울특별시 강서구 화곡동 836-2번지 (지상 1층) ,편의점,187346.862171358,447799.842258083,
20141008,영업/정상,20250101,씨유 화곡사거리점,"서울특별시 강서구 화곡동 343-66번지 지하층,1동,화곡동오피스텔 B110호",편의점,186368.937163032,447619.160153588,
20150717,영업/정상,20250101,씨유 마곡투웨니점,서울특별시 강서구 마곡동 784-6번지 마곡대명투웨니퍼스트 (지상 1층) 112~113호,편의점,185808.0,451450.0,
20160105,영업/정상,20250101,세븐일레븐강서화곡예스점,서울특별시 강서구 화곡동 29-52번지 (지상 1층) ,편의점,186448.202510095,449314.181380685,
20160216,영업/정상,20250101,지에스25 방화샤르망,서울특별시 강서구 방화동 830-3번지 (방화3동) 110~1호,편의점,183414.494799084,452706.104919778,
20160226,영업/정상,20250101,씨유발산열린점,서울특별시 강서구 마곡동 795-7번지 열린프라자 (지상 1층) 108호,편의점,185593.0,450880.0,
20160330,영업/정상,20250101,세븐일레븐,서울특별시 강서구 등촌동 628-32 강변샤르망2차오피스텔 109호,편의점,187342.234623982,450784.456941333,
20160411,영업/정상,20250101,이마트24 마곡미르웰점,"서울특별시 강서구 마곡동 784-4번지 외 1필지 미르웰플러스오피스텔 115,1호",편의점,185817.0,451484.0,
20160412,영업/정상,20250101,GS25투웨니점,서울특별시 강서구 등촌동 647-89번지 ,편의점,187936.189010435,450125.978645866,
20160429,영업/정상,20250101,세븐일레븐 강서스토리점,서울특별시 강서구 방화동 168-38번지 (방화1동) ,편의점,183861.648795384,452327.871674126,
20160530,영업/정상,20250101,GS25가양향교점,서울특별시 강서구 가양동 194-2번지 양천향교지웰에스테이트 (지상 1층) 101호,편의점,185867.499970695,452099.765683138,
20160826,영업/정상,20250101,지에스25 염창빌리지점,서울특별시 강서구 염창동 244-15번지 (지상1층) ,편의점,188508.502580715,450136.973259432,
20160919,영업/정상,20250101,세븐일레븐 화곡 원룸점,서울특별시 강서구 화곡동 914-35번지 (지상1층) ,편의점,186180.086259761,447453.952419838,
20161017,영업/정상,20250101,GS25 화곡도담,서울특별시 강서구 화곡동 981-15번지 (지상1층) ,편의점,186541.876723089,449724.469291097,
20161118,영업/정상,20250101,세븐일레븐 화곡본동점,서울특별시 강서구 화곡동 55-88번지 (지상1층) ,편의점,186539.785372807,448750.379694662,
20161206,영업/정상,20250101,GS25 마곡파크뷰점,서울특별시 강서구 마곡동 795-5번지 마곡사이언스파크뷰 (지상 1층) 104호,편의점,185514.0,450890.0,
20161213,영업/정상,20250101,씨유 화곡정원점,서울특별시 강서구 화곡동 1115-8번지 (지상1층) ,편의점,186853.073777308,450149.128774823,
20161216,영업/정상,20250101,씨유 마곡푸르지오점,서울특별시 강서구 마곡동 773-1번지 가양1동 ,편의점,184756.0,450942.0,
20170105,영업/정상,20250101,GS25 화곡공원점,서울특별시 강서구 화곡동 24-126번지 (지상1층) ,편의점,186306.388564577,449335.217506391,
20170203,영업/정상,20250101,미니스톱 강서IT점,서울특별시 강서구 화곡동 1096-29번지 카이도빌딩 (지상 1층) ,편의점,186755.537094076,450377.850936763,
20170207,영업/정상,20250101,씨유 등촌행복점,"서울특별시 강서구 등촌동 636-21 (지상1층, 1동) ",편의점,187648.293100498,450319.079568926,
20170217,영업/정상,20250101,씨유 등촌오피스점,서울특별시 강서구 등촌동 633-17번지 등촌투웨니퍼스트2차(지상1층) 가양1동 202동 101호,편의점,188027.655387324,450190.359245726,
20170308,영업/정상,20250101,씨유소나무 공원점,서울특별시 강서구 화곡동 26-8 다산빌딩 (지상 1층) ,편의점,186435.075763607,449427.105342971,
20170322,영업/정상,20250101,GS 화곡미소점,서울특별시 강서구 화곡동 24-108번지 (지상 1층) ,편의점,186401.199374558,449319.276443429,
20170327,영업/정상,20250101,씨유 등촌5단지점,서울특별시 강서구 등촌동 695-1번지 (지상 1층) 101호,편의점,186236.399275519,451054.437108698,
20170406,영업/정상,20250101,GS25마곡보타닉,서울특별시 강서구 마곡동 760-0번지 마곡나루역보타닉푸르지오시티 (지상 1층) 109호,편의점,184650.0,451667.0,
20170407,영업/정상,20250101,GS25공항행복점,서울특별시 강서구 공항동 669-5번지 (지상 1층) ,편의점,183551.690805941,450463.417292907,
20170420,영업/정상,20250101,이마트24 화곡점,서울특별시 강서구 화곡동 367-62번지 길성이엔이 (지상 1층) 101호,편의점,185985.115576598,448450.39933636,
20170420,영업/정상,20250101,씨유송정역점,서울특별시 강서구 공항동 27-1번지 준명빌딩 (지상 1층) ,편의점,183335.627064206,451044.288913202,
20170420,영업/정상,20250101,씨유 강서웨스턴점,서울특별시 강서구 가양동 1461번지 상가동 101호,편의점,186429.327795498,452034.27568352,
20170424,영업/정상,20250101,GS25 방화상춘점,서울특별시 강서구 방화동 813-3 (지상1층) ,편의점,183200.464223144,452658.400446616,
20170504,영업/정상,20250101,GS25 화곡까치산점,서울특별시 강서구 화곡동 348-23 외 1필지 (지상 1층) ,편의점,186165.936748059,447830.752392223,
20170525,영업/정상,20250101,지에스25등촌한마음점,서울특별시 강서구 등촌동 532-1번지 (지상 1층) ,편의점,187770.742407884,449801.910132998,
20170608,영업/정상,20250101,지에스25마곡오드점,서울특별시 강서구 마곡동 784-11 외 1필지 마곡오드카운티1차 (지상 1층) 122호,편의점,185761.0,451315.0,
20170608,영업/정상,20250101,지에스25방화초원로점,서울특별시 강서구 방화동 600-2번지 진성빌딩 (지상 1층) ,편의점,183162.091655984,451755.48669166,
20170615,영업/정상,20250101,지에스25 화곡초교점,서울특별시 강서구 화곡동 53-14 1층 ,편의점,186440.967506771,448937.679534871,
20170615,영업/정상,20250101,지에스25방화5단지점,서울특별시 강서구 방화동 814-0번지 방화5단지아파트 (지상 1층) 상가1동 104호,편의점,183169.082562086,452783.158197133,
20170622,영업/정상,20250101,지에스25화곡으뜸점,서울특별시 강서구 화곡동 1098-9번지 대륙빌딩 (지상 1층) ,편의점,186674.002557847,450124.317328357,
20170814,영업/정상,20250101,세븐일레븐 화곡신정초교점,서울특별시 강서구 화곡동 451-23번지 (지상 1층) ,편의점,186823.029768943,447913.242309373,
20170828,영업/정상,20250101,지에스25 등촌서낭점,서울특별시 강서구 등촌동 663-7번지 (지상 1층) ,편의점,186336.124847832,450732.03485005,
20170925,영업/정상,20250101,이마트24 강서내발산점,서울특별시 강서구 내발산동 697-6번지 (지상 1층) ,편의점,185272.568433856,449983.780402194,
20171103,영업/정상,20250101,CU(씨유)뉴화곡우리마을,서울특별시 강서구 화곡동 926-5번지 한양아이클래스 101호,편의점,185958.548930426,447412.892882253,
20171128,영업/정상,20250101,세븐일레븐 등촌현대점,서울특별시 강서구 등촌동 647-83번지 (지상 1층) ,편의점,188035.952842648,449946.435252841,
20171207,영업/정상,20250101,GS25염창세빛,서울특별시 강서구 염창동 272-21번지 대경캐슬 (지상 1층) 101호,편의점,188436.920612411,449803.970613587,
20171215,영업/정상,20250101,CU마곡엠팰리체,서울특별시 강서구 마곡동 797-10 엠팰리체 (지상 1층) 110호,편의점,185377.0,450842.0,
20171219,영업/정상,20250101,씨유양천향교점,서울특별시 강서구 가양동 276-2 한림빌딩 (지상 1층) 101호,편의점,185838.384991988,452001.548882852,
20180102,영업/정상,20250101,GS25방화가온점,서울특별시 강서구 방화동 485-3번지 (지상 1층) ,편의점,183149.591182966,452423.048527158,
20180123,영업/정상,20250101,지에스25가양2점,서울특별시 강서구 가양동 1461-0번지 가양2단지아파트 (지상 1층) 상가동 106호,편의점,186429.327795498,452034.27568352,
20180329,영업/정상,20250101,이마트24 화곡본동점,서울특별시 강서구 화곡동 56-308번지 (지상 1층) ,편의점,186642.011202016,448801.639703992,
20180417,영업/정상,20250101,GS25 강서등촌점,서울특별시 강서구 등촌동 678-13번지 (지상 1층) ,편의점,185770.955892733,450956.362946787,
20180614,영업/정상,20250101,킹스커머스,서울특별시 강서구 화곡동 1093-76 KBS스포츠월드 (지상 1층) ,편의점,186463.83481885,450518.14211989,
20180807,영업/정상,20250101,지에스25 염창현대점,서울특별시 강서구 염창동 113-9번지 대운빌딩 (지상 1층) ,편의점,188944.612624413,449963.153553287,
20180817,영업/정상,20250101,GS25강서화곡점,서울특별시 강서구 화곡동 1114-0번지 (지상 1층) ,편의점,187039.999119771,450251.526734795,
20180904,영업/정상,20250101,지에스25 강서화곡로점,서울특별시 강서구 화곡동 1086-3번지 (지상 1층) ,편의점,185445.017818741,448533.882060708,
20180911,영업/정상,20250101,씨유 발산센터점,서울특별시 강서구 등촌동 674-9 (지상 1층) ,편의점,185795.947329396,450778.634128083,
20180919,영업/정상,20250101,씨유화곡 소비자점,서울특별시 강서구 화곡동 1056-0번지 (지상 1층) ,편의점,185832.308130488,449137.955617785,
20181015,영업/정상,20250101,GS25 염창신동아점,"서울특별시 강서구 염창동 289번지 신동아아파트 103,4호",편의점,188359.565502697,450325.838493988,
20181018,영업/정상,20250101,지에스25뉴마곡14단지점,서울특별시 강서구 마곡동 750 마곡엠밸리14단지 1층 상가동 107호,편의점,184612.189569,450961.510923,
20181018,영업/정상,20250101,이마트24 발산현대점,서울특별시 강서구 외발산동 216-18번지 (지상 1층) ,편의점,184401.001364931,449434.366587958,
20181018,영업/정상,20250101,GS25 화곡한나점,서울특별시 강서구 화곡동 906-1번지 1층 ,편의점,186414.044145182,447363.383938393,
20181024,영업/정상,20250101,지에스25 수명산4단지점,서울특별시 강서구 내발산동 753-0번지 마곡수명산파크4단지아파트 상가동 101~102호,편의점,184320.657855331,449900.251425229,
20181025,영업/정상,20250101,지에스25 등촌한올림점,서울특별시 강서구 등촌동 656-0번지 경동미르웰한올림 (지상 1층) 101동 103호,편의점,186992.135263731,450564.401447311,
20181112,영업/정상,20250101,세븐일레븐 마곡르보아점,서울특별시 강서구 마곡동 739-2번지 우성르보아투 (지상 1층) 121호,편의점,183837.0,451687.0,
20181112,영업/정상,20250101,씨유 화곡신월초교점,서울특별시 강서구 화곡동 1081-39 1층 ,편의점,185680.786227784,448576.194577559,
20181122,영업/정상,20250101,이마트24 뉴가양8단지점,서울특별시 강서구 가양동 1482 가양도시개발공사아파트(가양8단지아파트) ,편의점,187311.265729415,451100.619120075,
20181130,영업/정상,20250101,씨유 마곡엠코점,서울특별시 강서구 마곡동 776-4번지 엠코지니어스타 B동 107호,편의점,185830.0,451679.0,
20181206,영업/정상,20250101,지에스(GS)25 가양글로벌점,서울특별시 강서구 가양동 448-11번지 가양글로벌퍼스트 104동 107호,편의점,187454.124266828,450913.855208112,
20181214,영업/정상,20250101,씨유 수명산7단지점,서울특별시 강서구 내발산동 756번지 마곡수명산파크7단지아파트 상가동 101호,편의점,184263.046270841,449557.87737204,
20181218,영업/정상,20250101,지에스25(GS25) 강서부영점,서울특별시 강서구 등촌동 691-3번지 부영아파트 상가동 109호,편의점,186115.887920435,451264.767153689,
20190109,영업/정상,20250101,씨유 우장산힐스테이트점,서울특별시 강서구 내발산동 658-0 명성빌딩 (지상 1층) ,편의점,185972.69133937,450530.52233773,
20190125,영업/정상,20250101,GS25 강서공항점,서울특별시 강서구 공항동 60-31번지 ,편의점,183211.711253144,450672.553951794,
20190128,영업/정상,20250101,이마트24 등촌5단지점,서울특별시 강서구 등촌동 695번지 등촌5단지주공아파트 ,편의점,186223.793407907,450919.825663626,
20190129,영업/정상,20250101,GS 25 등촌현대점,서울특별시 강서구 등촌동 715 등촌아이파크아파트 (지상 1층) 상가동 105호,편의점,187578.179002957,449082.434083143,
20190226,영업/정상,20250101,지에스(GS)25 가양메르디앙점,서울특별시 강서구 등촌동 720번지 103호,편의점,187282.745177333,450848.52488461,
20190228,영업/정상,20250101,씨유 